0.5,buac,,0.25,,,,,,
nm,A,,nm,A,,,nm,,
800,0.0441,,800,0.004341306,0.0029,,320,0.132,0.909828221
796,0.0473,,799,0.008083811,0.0054,,321,0.127,0.875365031
792,0.0502,,798,0.005988008,0.004,,322,0.123,0.847794479
788,0.0482,,797,0.002994004,0.002,,323,0.118,0.813331288
784,0.0471,,796,0.00733531,0.0049,,324,0.115,0.792653374
780,0.0512,,795,0.001646702,0.0011,,325,0.111,0.765082822
776,0.0528,,794,0.002095803,0.0014,,326,0.108,0.744404908
772,0.0546,,793,0.005838308,0.0039,,327,0.105,0.723726994
768,0.06,,792,0.00733531,0.0049,,328,0.102,0.70304908
764,0.0595,,791,0.007934111,0.0053,,329,0.1,0.689263804
760,0.0624,,790,0.002844304,0.0019,,330,0.097,0.66858589
756,0.069,,789,0.004041905,0.0027,,331,0.094,0.647907975
752,0.0717,,788,0.00748501,0.005,,332,0.092,0.634122699
748,0.076,,787,0.005838308,0.0039,,333,0.089,0.613444785
744,0.0835,,786,0.006736509,0.0045,,334,0.088,0.606552147
740,0.0879,,785,0.007035909,0.0047,,335,0.086,0.592766871
736,0.0928,,784,0.008982012,0.006,,336,0.085,0.585874233
732,0.105,,783,0.007934111,0.0053,,337,0.083,0.572088957
728,0.1196,,782,0.005988008,0.004,,338,0.081,0.558303681
724,0.1333,,781,0.006287408,0.0042,,339,0.08,0.551411043
720,0.1528,,780,0.003742505,0.0025,,340,0.078,0.537625767
716,0.1796,,779,0.008383211,0.0056,,341,0.077,0.530733129
712,0.2102,,778,0.003143704,0.0021,,342,0.076,0.523840491
708,0.246,,777,0.009281412,0.0062,,343,0.075,0.516947853
704,0.2868,,776,0.005688608,0.0038,,344,0.074,0.510055215
700,0.3337,,775,0.006586809,0.0044,,345,0.074,0.510055215
696,0.3863,,774,0.009880213,0.0066,,346,0.073,0.503162577
692,0.4402,,773,0.009431113,0.0063,,347,0.073,0.503162577
688,0.5051,,772,0.007934111,0.0053,,348,0.072,0.496269939
684,0.5688,,771,0.008233511,0.0055,,349,0.072,0.496269939
680,0.6388,,770,0.009131712,0.0061,,350,0.071,0.489377301
676,0.708,,769,0.003293404,0.0022,,351,0.071,0.489377301
672,0.7761,,768,0.006586809,0.0044,,352,0.071,0.489377301
668,0.8433,,767,0.00733531,0.0049,,353,0.07,0.482484663
664,0.905,,766,0.006886209,0.0046,,354,0.07,0.482484663
660,0.9612,,765,0.005089807,0.0034,,355,0.07,0.482484663
656,1.0106,,764,0.009281412,0.0062,,356,0.07,0.482484663
652,1.0443,,763,0.008682612,0.0058,,357,0.07,0.482484663
648,1.0745,,762,0.008083811,0.0054,,358,0.07,0.482484663
644,1.0947,,761,0.004041905,0.0027,,359,0.07,0.482484663
640,1.1074,,760,0.005389207,0.0036,,360,0.071,0.489377301
636,1.1212,,759,0.012874217,0.0086,,361,0.071,0.489377301
632,1.1223,,758,0.008233511,0.0055,,362,0.071,0.489377301
628,1.1235,,757,0.011227515,0.0075,,363,0.072,0.496269939
624,1.1167,,756,0.010778414,0.0072,,364,0.072,0.496269939
620,1.1109,,755,0.010778414,0.0072,,365,0.072,0.496269939
616,1.1048,,754,0.009281412,0.0062,,366,0.073,0.503162577
612,1.0946,,753,0.011826316,0.0079,,367,0.073,0.503162577
608,1.079,,752,0.010329314,0.0069,,368,0.074,0.510055215
604,1.067,,751,0.011077815,0.0074,,369,0.074,0.510055215
600,1.0466,,750,0.010479014,0.007,,370,0.075,0.516947853
596,1.0248,,749,0.012425117,0.0083,,371,0.075,0.516947853
592,1.0011,,748,0.014071819,0.0094,,372,0.076,0.523840491
588,0.9774,,747,0.013473018,0.009,,373,0.077,0.530733129
584,0.9477,,746,0.013772418,0.0092,,374,0.078,0.537625767
580,0.9165,,745,0.013772418,0.0092,,375,0.079,0.544518405
576,0.8861,,744,0.015718521,0.0105,,376,0.08,0.551411043
572,0.8558,,743,0.020359227,0.0136,,377,0.081,0.558303681
568,0.8264,,742,0.017514923,0.0117,,378,0.081,0.558303681
564,0.7966,,741,0.019461026,0.013,,379,0.082,0.565196319
560,0.7648,,740,0.020059827,0.0134,,380,0.083,0.572088957
556,0.7341,,739,0.024251432,0.0162,,381,0.084,0.578981595
552,0.7036,,738,0.020508927,0.0137,,382,0.085,0.585874233
548,0.6754,,737,0.026347235,0.0176,,383,0.086,0.592766871
544,0.6486,,736,0.023652632,0.0158,,384,0.086,0.592766871
540,0.6217,,735,0.026946036,0.018,,385,0.087,0.599659509
536,0.5963,,734,0.027395137,0.0183,,386,0.088,0.606552147
532,0.5695,,733,0.02979034,0.0199,,387,0.089,0.613444785
528,0.5475,,732,0.030838241,0.0206,,388,0.09,0.620337423
524,0.525,,731,0.035029847,0.0234,,389,0.09,0.620337423
520,0.504,,730,0.035329247,0.0236,,390,0.091,0.627230061
516,0.4828,,729,0.041167555,0.0275,,391,0.092,0.634122699
512,0.4639,,728,0.042365157,0.0283,,392,0.093,0.641015337
508,0.446,,727,0.042215456,0.0282,,393,0.094,0.647907975
504,0.4296,,726,0.049700466,0.0332,,394,0.095,0.654800613
500,0.4136,,725,0.049700466,0.0332,,395,0.095,0.654800613
496,0.3987,,724,0.053592672,0.0358,,396,0.096,0.661693252
492,0.3848,,723,0.056586676,0.0378,,397,0.097,0.66858589
488,0.3688,,722,0.062724384,0.0419,,398,0.098,0.675478528
484,0.3584,,721,0.06751479,0.0451,,399,0.098,0.675478528
480,0.3472,,720,0.072454897,0.0484,,400,0.099,0.682371166
476,0.3373,,719,0.077993804,0.0521,,401,0.1,0.689263804
472,0.3274,,718,0.08203571,0.0548,,402,0.1,0.689263804
468,0.3196,,717,0.088472818,0.0591,,403,0.1,0.689263804
464,0.3135,,716,0.095658428,0.0639,,404,0.101,0.696156442
460,0.309,,715,0.101646436,0.0679,,405,0.101,0.696156442
456,0.3102,,714,0.110179347,0.0736,,406,0.102,0.70304908
452,0.3165,,713,0.115867955,0.0774,,407,0.102,0.70304908
448,0.3298,,712,0.123502665,0.0825,,408,0.102,0.70304908
444,0.3529,,711,0.136227182,0.091,,409,0.102,0.70304908
440,0.3887,,710,0.145209194,0.097,,410,0.102,0.70304908
436,0.4355,,709,0.154939707,0.1035,,411,0.102,0.70304908
432,0.4939,,708,0.166616322,0.1113,,412,0.102,0.70304908
428,0.5551,,707,0.178592338,0.1193,,413,0.102,0.70304908
424,0.6128,,706,0.190418654,0.1272,,414,0.102,0.70304908
420,0.66,,705,0.203442572,0.1359,,415,0.102,0.70304908
416,0.696,,704,0.21721499,0.1451,,416,0.102,0.70304908
412,0.7247,,703,0.229191006,0.1531,,417,0.102,0.70304908
408,0.7397,,702,0.243711925,0.1628,,418,0.102,0.70304908
404,0.745,,701,0.262723851,0.1755,,419,0.102,0.70304908
400,0.738,,700,0.279789674,0.1869,,420,0.101,0.696156442
396,0.7199,,699,0.296106995,0.1978,,421,0.101,0.696156442
392,0.6918,,698,0.312723718,0.2089,,422,0.1,0.689263804
388,0.6642,,697,0.32919074,0.2199,,423,0.1,0.689263804
384,0.6291,,696,0.346705663,0.2316,,424,0.099,0.682371166
380,0.5892,,695,0.370358294,0.2474,,425,0.098,0.675478528
376,0.548,,694,0.38922052,0.26,,426,0.097,0.66858589
372,0.5121,,693,0.408232445,0.2727,,427,0.096,0.661693252
368,0.472,,692,0.431885077,0.2885,,428,0.095,0.654800613
364,0.4367,,691,0.455238308,0.3041,,429,0.093,0.641015337
360,0.4033,,690,0.477393937,0.3189,,430,0.092,0.634122699
356,0.3756,,689,0.498801066,0.3332,,431,0.09,0.620337423
352,0.3593,,688,0.522902798,0.3493,,432,0.088,0.606552147
348,0.3464,,687,0.548351832,0.3663,,433,0.087,0.599659509
344,0.343,,686,0.573052365,0.3828,,434,0.085,0.585874233
340,0.3417,,685,0.596854697,0.3987,,435,0.083,0.572088957
336,0.3466,,684,0.619459427,0.4138,,436,0.082,0.565196319
332,0.3547,,683,0.642513258,0.4292,,437,0.08,0.551411043
328,0.3624,,682,0.668111992,0.4463,,438,0.078,0.537625767
324,0.3786,,681,0.692662825,0.4627,,439,0.077,0.530733129
320,0.3896,,680,0.717962159,0.4796,,440,0.075,0.516947853
316,0.4003,,679,0.74176449,0.4955,,441,0.074,0.510055215
312,0.4034,,678,0.766614724,0.5121,,442,0.073,0.503162577
308,0.4016,,677,0.790417055,0.528,,443,0.071,0.489377301
304,0.3962,,676,0.814668488,0.5442,,444,0.07,0.482484663
300,0.3905,,675,0.837422918,0.5594,,445,0.07,0.482484663
296,0.3881,,674,0.860177348,0.5746,,446,0.068,0.468699387
292,0.394,,673,0.880386875,0.5881,,447,0.068,0.468699387
288,0.4109,,672,0.8985006,0.6002,,448,0.067,0.461806748
284,0.4336,,671,0.918859827,0.6138,,449,0.066,0.45491411
280,0.4518,,670,0.935177149,0.6247,,450,0.066,0.45491411
276,0.4611,,669,0.955536376,0.6383,,451,0.065,0.448021472
272,0.4647,,668,0.974847702,0.6512,,452,0.064,0.441128834
268,0.4666,,667,0.990266822,0.6615,,453,0.064,0.441128834
264,0.4708,,666,1.006584144,0.6724,,454,0.064,0.441128834
260,0.4808,,665,1.021105063,0.6821,,455,0.063,0.434236196
256,0.5002,,664,1.03382958,0.6906,,456,0.063,0.434236196
252,0.5289,,663,1.044607995,0.6978,,457,0.063,0.434236196
248,0.5626,,662,1.05628461,0.7056,,458,0.063,0.434236196
,1.1235,,661,1.069757628,0.7146,,459,0.062,0.427343558
,,,660,1.07888934,0.7207,,460,0.062,0.427343558
,,,659,1.08577555,0.7253,,461,0.062,0.427343558
,,,658,1.094308461,0.731,,462,0.062,0.427343558
,,,657,1.100446169,0.7351,,463,0.062,0.427343558
,,,656,1.106733578,0.7393,,464,0.062,0.427343558
,,,655,1.112871286,0.7434,,465,0.062,0.427343558
,,,654,1.114967089,0.7448,,466,0.061,0.42045092
,,,653,1.118859294,0.7474,,467,0.061,0.42045092
,,,652,1.122452099,0.7498,,468,0.062,0.427343558
,,,651,1.1235,0.7505,,469,0.062,0.427343558
,,,650,1.122302398,0.7497,,470,0.062,0.427343558
,,,649,1.121254497,0.749,,471,0.061,0.42045092
,,,648,1.121853298,0.7494,,472,0.062,0.427343558
,,,647,1.122002998,0.7495,,473,0.062,0.427343558
,,,646,1.122152698,0.7496,,474,0.062,0.427343558
,,,645,1.118859294,0.7474,,475,0.062,0.427343558
,,,644,1.114667688,0.7446,,476,0.062,0.427343558
,,,643,1.114517988,0.7445,,477,0.062,0.427343558
,,,642,1.110625783,0.7419,,478,0.062,0.427343558
,,,641,1.107631779,0.7399,,479,0.062,0.427343558
,,,640,1.104338374,0.7377,,480,0.062,0.427343558
,,,639,1.099398268,0.7344,,481,0.062,0.427343558
,,,638,1.097452165,0.7331,,482,0.063,0.434236196
,,,637,1.092961159,0.7301,,483,0.063,0.434236196
,,,636,1.089368354,0.7277,,484,0.063,0.434236196
,,,635,1.085625849,0.7252,,485,0.063,0.434236196
,,,634,1.081284544,0.7223,,486,0.063,0.434236196
,,,633,1.076344437,0.719,,487,0.063,0.434236196
,,,632,1.072901332,0.7167,,488,0.063,0.434236196
,,,631,1.068859427,0.714,,489,0.064,0.441128834
,,,630,1.06347022,0.7104,,490,0.064,0.441128834
,,,629,1.057781612,0.7066,,491,0.064,0.441128834
,,,628,1.054039107,0.7041,,492,0.064,0.441128834
,,,627,1.052242705,0.7029,,493,0.065,0.448021472
,,,626,1.046254697,0.6989,,494,0.065,0.448021472
,,,625,1.041913391,0.696,,495,0.065,0.448021472
,,,624,1.039518188,0.6944,,496,0.065,0.448021472
,,,623,1.036224783,0.6922,,497,0.065,0.448021472
,,,622,1.030985276,0.6887,,498,0.065,0.448021472
,,,621,1.023350566,0.6836,,499,0.066,0.45491411
,,,620,1.017961359,0.68,,500,0.066,0.45491411
,,,619,1.014967355,0.678,,501,0.066,0.45491411
,,,618,1.01122485,0.6755,,502,0.066,0.45491411
,,,617,1.006733844,0.6725,,503,0.066,0.45491411
,,,616,1.002542239,0.6697,,504,0.067,0.461806748
,,,615,0.997751832,0.6665,,505,0.067,0.461806748
,,,614,0.992961426,0.6633,,506,0.067,0.461806748
,,,613,0.988171019,0.6601,,507,0.067,0.461806748
,,,612,0.981733911,0.6558,,508,0.068,0.468699387
,,,611,0.977542305,0.653,,509,0.068,0.468699387
,,,610,0.972003398,0.6493,,510,0.069,0.475592025
,,,609,0.967961492,0.6466,,511,0.068,0.468699387
,,,608,0.961973484,0.6426,,512,0.069,0.475592025
,,,607,0.956733977,0.6391,,513,0.069,0.475592025
,,,606,0.951793871,0.6358,,514,0.07,0.482484663
,,,605,0.944458561,0.6309,,515,0.07,0.482484663
,,,604,0.937572352,0.6263,,516,0.07,0.482484663
,,,603,0.931883744,0.6225,,517,0.07,0.482484663
,,,602,0.926195137,0.6187,,518,0.071,0.489377301
,,,601,0.918560426,0.6136,,519,0.071,0.489377301
,,,600,0.911225117,0.6087,,520,0.071,0.489377301
,,,599,0.90628501,0.6054,,521,0.071,0.489377301
,,,598,0.8985006,0.6002,,522,0.072,0.496269939
,,,597,0.890716189,0.595,,523,0.072,0.496269939
,,,596,0.88397968,0.5905,,524,0.072,0.496269939
,,,595,0.875147368,0.5846,,525,0.073,0.503162577
,,,594,0.867961759,0.5798,,526,0.073,0.503162577
,,,593,0.862273151,0.576,,527,0.073,0.503162577
,,,592,0.853141439,0.5699,,528,0.073,0.503162577
,,,591,0.843261226,0.5633,,529,0.074,0.510055215
,,,590,0.836375017,0.5587,,530,0.074,0.510055215
,,,589,0.828890007,0.5537,,531,0.074,0.510055215
,,,588,0.820506795,0.5481,,532,0.075,0.516947853
,,,587,0.813919987,0.5437,,533,0.075,0.516947853
,,,586,0.803141572,0.5365,,534,0.076,0.523840491
,,,585,0.794608661,0.5308,,535,0.076,0.523840491
,,,584,0.787123651,0.5258,,536,0.077,0.530733129
,,,583,0.777991939,0.5197,,537,0.077,0.530733129
,,,582,0.77155483,0.5154,,538,0.077,0.530733129
,,,581,0.762572818,0.5094,,539,0.078,0.537625767
,,,580,0.752992005,0.503,,540,0.079,0.544518405
,,,579,0.743261492,0.4965,,541,0.079,0.544518405
,,,578,0.735327382,0.4912,,542,0.079,0.544518405
,,,577,0.72679447,0.4855,,543,0.08,0.551411043
,,,576,0.717812458,0.4795,,544,0.08,0.551411043
,,,575,0.711974151,0.4756,,545,0.081,0.558303681
,,,574,0.70389034,0.4702,,546,0.081,0.558303681
,,,573,0.693860426,0.4635,,547,0.082,0.565196319
,,,572,0.687423318,0.4592,,548,0.082,0.565196319
,,,571,0.680686809,0.4547,,549,0.083,0.572088957
,,,570,0.673052099,0.4496,,550,0.083,0.572088957
,,,569,0.665117988,0.4443,,551,0.084,0.578981595
,,,568,0.655686875,0.438,,552,0.084,0.578981595
,,,567,0.647153964,0.4323,,553,0.085,0.585874233
,,,566,0.642662958,0.4293,,554,0.086,0.592766871
,,,565,0.633082145,0.4229,,555,0.086,0.592766871
,,,564,0.626195936,0.4183,,556,0.087,0.599659509
,,,563,0.618261825,0.413,,557,0.087,0.599659509
,,,562,0.611525316,0.4085,,558,0.087,0.599659509
,,,561,0.603441506,0.4031,,559,0.088,0.606552147
,,,560,0.596405596,0.3984,,560,0.088,0.606552147
,,,559,0.589219987,0.3936,,561,0.09,0.620337423
,,,558,0.58457928,0.3905,,562,0.09,0.620337423
,,,557,0.57664517,0.3852,,563,0.091,0.627230061
,,,556,0.567962558,0.3794,,564,0.091,0.627230061
,,,555,0.561076349,0.3748,,565,0.092,0.634122699
,,,554,0.553741039,0.3699,,566,0.092,0.634122699
,,,553,0.547154231,0.3655,,567,0.092,0.634122699
,,,552,0.541166223,0.3615,,568,0.093,0.641015337
,,,551,0.535627315,0.3578,,569,0.094,0.647907975
,,,550,0.529190207,0.3535,,570,0.095,0.654800613
,,,549,0.523651299,0.3498,,571,0.095,0.654800613
,,,548,0.518262092,0.3462,,572,0.096,0.661693252
,,,547,0.50928008,0.3402,,573,0.097,0.66858589
,,,546,0.50209447,0.3354,,574,0.097,0.66858589
,,,545,0.496555563,0.3317,,575,0.098,0.675478528
,,,544,0.491465756,0.3283,,576,0.099,0.682371166
,,,543,0.484729247,0.3238,,577,0.099,0.682371166
,,,542,0.478741239,0.3198,,578,0.1,0.689263804
,,,541,0.473801133,0.3165,,579,0.101,0.696156442
,,,540,0.468112525,0.3127,,580,0.102,0.70304908
,,,539,0.460926915,0.3079,,581,0.101,0.696156442
,,,538,0.456136509,0.3047,,582,0.103,0.709941718
,,,537,0.449849101,0.3005,,583,0.102,0.70304908
,,,536,0.443861093,0.2965,,584,0.104,0.716834356
,,,535,0.437873085,0.2925,,585,0.105,0.723726994
,,,534,0.433232378,0.2894,,586,0.105,0.723726994
,,,533,0.425897069,0.2845,,587,0.107,0.73751227
,,,532,0.420956962,0.2812,,588,0.107,0.73751227
,,,531,0.416765356,0.2784,,589,0.108,0.744404908
,,,530,0.409879147,0.2738,,590,0.109,0.751297546
,,,529,0.40478934,0.2704,,591,0.109,0.751297546
,,,528,0.399699534,0.267,,592,0.111,0.765082822
,,,527,0.395507928,0.2642,,593,0.112,0.77197546
,,,526,0.391016922,0.2612,,594,0.112,0.77197546
,,,525,0.385328314,0.2574,,595,0.113,0.778868098
,,,524,0.380837308,0.2544,,596,0.115,0.792653374
,,,523,0.376645703,0.2516,,597,0.116,0.799546012
,,,522,0.372753498,0.249,,598,0.116,0.799546012
,,,521,0.368112791,0.2459,,599,0.117,0.80643865
,,,520,0.361825383,0.2417,,600,0.118,0.813331288
,,,519,0.35928048,0.24,,601,0.119,0.820223926
,,,518,0.355238574,0.2373,,602,0.12,0.827116564
,,,517,0.350448168,0.2341,,603,0.121,0.834009202
,,,516,0.346256562,0.2313,,604,0.122,0.84090184
,,,515,0.342214657,0.2286,,605,0.123,0.847794479
,,,514,0.338172751,0.2259,,606,0.123,0.847794479
,,,513,0.333082945,0.2225,,607,0.125,0.861579755
,,,512,0.330238641,0.2206,,608,0.126,0.868472393
,,,511,0.327244637,0.2186,,609,0.127,0.875365031
,,,510,0.323502132,0.2161,,610,0.126,0.868472393
,,,509,0.318711726,0.2129,,611,0.127,0.875365031
,,,508,0.316017122,0.2111,,612,0.128,0.882257669
,,,507,0.311825516,0.2083,,613,0.129,0.889150307
,,,506,0.307933311,0.2057,,614,0.13,0.896042945
,,,505,0.305388408,0.204,,615,0.131,0.902935583
,,,504,0.302544104,0.2021,,616,0.131,0.902935583
,,,503,0.2992507,0.1999,,617,0.132,0.909828221
,,,502,0.294759694,0.1969,,618,0.132,0.909828221
,,,501,0.291316589,0.1946,,619,0.132,0.909828221
,,,500,0.287124983,0.1918,,620,0.133,0.916720859
,,,499,0.287723784,0.1922,,621,0.133,0.916720859
,,,498,0.282933378,0.189,,622,0.134,0.923613497
,,,497,0.277993271,0.1857,,623,0.133,0.916720859
,,,496,0.275298668,0.1839,,624,0.134,0.923613497
,,,495,0.273352565,0.1826,,625,0.134,0.923613497
,,,494,0.271107062,0.1811,,626,0.133,0.916720859
,,,493,0.268113058,0.1791,,627,0.134,0.923613497
,,,492,0.264819654,0.1769,,628,0.134,0.923613497
,,,491,0.260328648,0.1739,,629,0.134,0.923613497
,,,490,0.258532245,0.1727,,630,0.135,0.930506135
,,,489,0.258382545,0.1726,,631,0.134,0.923613497
,,,488,0.252095137,0.1684,,632,0.134,0.923613497
,,,487,0.251496336,0.168,,633,0.134,0.923613497
,,,486,0.246556229,0.1647,,634,0.134,0.923613497
,,,485,0.245807728,0.1642,,635,0.135,0.930506135
,,,484,0.245059227,0.1637,,636,0.135,0.930506135
,,,483,0.241466422,0.1613,,637,0.135,0.930506135
,,,482,0.241167022,0.1611,,638,0.135,0.930506135
,,,481,0.236077215,0.1577,,639,0.136,0.937398773
,,,480,0.233083211,0.1557,,640,0.136,0.937398773
,,,479,0.230388608,0.1539,,641,0.137,0.944291411
,,,478,0.227544304,0.152,,642,0.137,0.944291411
,,,477,0.226197002,0.1511,,643,0.137,0.944291411
,,,476,0.223202998,0.1491,,644,0.138,0.951184049
,,,475,0.222005396,0.1483,,645,0.139,0.958076687
,,,474,0.219310793,0.1465,,646,0.14,0.964969325
,,,473,0.217813791,0.1455,,647,0.14,0.964969325
,,,472,0.214670087,0.1434,,648,0.141,0.971861963
,,,471,0.213921586,0.1429,,649,0.142,0.978754601
,,,470,0.210777881,0.1408,,650,0.143,0.985647239
,,,469,0.20958028,0.14,,651,0.143,0.985647239
,,,468,0.208682079,0.1394,,652,0.144,0.992539877
,,,467,0.205987475,0.1376,,653,0.145,0.999432515
,,,466,0.204490473,0.1366,,654,0.146,1.006325153
,,,465,0.20209527,0.135,,655,0.147,1.013217791
,,,464,0.203592272,0.136,,656,0.149,1.027003067
,,,463,0.20209527,0.135,,657,0.149,1.027003067
,,,462,0.199849767,0.1335,,658,0.151,1.040788344
,,,461,0.200149167,0.1337,,659,0.152,1.047680982
,,,460,0.199550366,0.1333,,660,0.153,1.05457362
,,,459,0.197903664,0.1322,,661,0.154,1.061466258
,,,458,0.196406662,0.1312,,662,0.156,1.075251534
,,,457,0.196256962,0.1311,,663,0.156,1.075251534
,,,456,0.198951566,0.1329,,664,0.157,1.082144172
,,,455,0.199550366,0.1333,,665,0.159,1.095929448
,,,454,0.199550366,0.1333,,666,0.159,1.095929448
,,,453,0.201646169,0.1347,,667,0.159,1.095929448
,,,452,0.204340773,0.1365,,668,0.16,1.102822086
,,,451,0.207185077,0.1384,,669,0.161,1.109714724
,,,450,0.209131179,0.1397,,670,0.162,1.116607362
,,,449,0.216167089,0.1444,,671,0.161,1.109714724
,,,448,0.219610193,0.1467,,672,0.162,1.116607362
,,,447,0.220358694,0.1472,,673,0.163,1.1235
,,,446,0.227394604,0.1519,,674,0.163,1.1235
,,,445,0.23218501,0.1551,,675,0.162,1.116607362
,,,444,0.240717921,0.1608,,676,0.163,1.1235
,,,443,0.249550233,0.1667,,677,0.162,1.116607362
,,,442,0.257933444,0.1723,,678,0.161,1.109714724
,,,441,0.268711859,0.1795,,679,0.16,1.102822086
,,,440,0.280238774,0.1872,,680,0.159,1.095929448
,,,439,0.288771686,0.1929,,681,0.158,1.08903681
,,,438,0.305837508,0.2043,,682,0.157,1.082144172
,,,437,0.320358428,0.214,,683,0.156,1.075251534
,,,436,0.332484144,0.2221,,684,0.154,1.061466258
,,,435,0.346406262,0.2314,,685,0.152,1.047680982
,,,434,0.360328381,0.2407,,686,0.15,1.033895706
,,,433,0.377543904,0.2522,,687,0.148,1.020110429
,,,432,0.393711526,0.263,,688,0.146,1.006325153
,,,431,0.413921053,0.2765,,689,0.142,0.978754601
,,,430,0.433531779,0.2896,,690,0.14,0.964969325
,,,429,0.446256296,0.2981,,691,0.137,0.944291411
,,,428,0.46451972,0.3103,,692,0.134,0.923613497
,,,427,0.47948974,0.3203,,693,0.132,0.909828221
,,,426,0.492813058,0.3292,,694,0.128,0.882257669
,,,425,0.507932778,0.3393,,695,0.126,0.868472393
,,,424,0.522004597,0.3487,,696,0.12,0.827116564
,,,423,0.533980613,0.3567,,697,0.117,0.80643865
,,,422,0.544908728,0.364,,698,0.113,0.778868098
,,,421,0.559579347,0.3738,,699,0.11,0.758190184
,,,420,0.569758961,0.3806,,700,0.107,0.73751227
,,,419,0.577693071,0.3859,,701,0.104,0.716834356
,,,418,0.587423584,0.3924,,702,0.102,0.70304908
,,,417,0.594758894,0.3973,,703,0.098,0.675478528
,,,416,0.599848701,0.4007,,704,0.095,0.654800613
,,,415,0.602543304,0.4025,,705,0.09,0.620337423
,,,414,0.611375616,0.4084,,706,0.088,0.606552147
,,,413,0.618261825,0.413,,707,0.085,0.585874233
,,,412,0.619609127,0.4139,,708,0.083,0.572088957
,,,411,0.620507328,0.4145,,709,0.08,0.551411043
,,,410,0.627243837,0.419,,710,0.078,0.537625767
,,,409,0.629639041,0.4206,,711,0.075,0.516947853
,,,408,0.630836642,0.4214,,712,0.073,0.503162577
,,,407,0.631435443,0.4218,,713,0.071,0.489377301
,,,406,0.632183944,0.4223,,714,0.069,0.475592025
,,,405,0.630537242,0.4212,,715,0.068,0.468699387
,,,404,0.627243837,0.419,,716,0.066,0.45491411
,,,403,0.626195936,0.4183,,717,0.064,0.441128834
,,,402,0.624249833,0.417,,718,0.063,0.434236196
,,,401,0.618710926,0.4133,,719,0.061,0.42045092
,,,400,0.612124117,0.4089,,720,0.06,0.413558282
,,,399,0.609429514,0.4071,,721,0.058,0.399773006
,,,398,0.605088208,0.4042,,722,0.058,0.399773006
,,,397,0.599998401,0.4008,,723,0.057,0.392880368
,,,396,0.593710993,0.3966,,724,0.056,0.38598773
,,,395,0.588920586,0.3934,,725,0.056,0.38598773
,,,394,0.581884677,0.3887,,726,0.055,0.379095092
,,,393,0.572303864,0.3823,,727,0.054,0.372202454
,,,392,0.563172152,0.3762,,728,0.054,0.372202454
,,,391,0.555836842,0.3713,,729,0.053,0.365309816
,,,390,0.545058428,0.3641,,730,0.053,0.365309816
,,,389,0.537274017,0.3589,,731,0.053,0.365309816
,,,388,0.529789007,0.3539,,732,0.052,0.358417178
,,,387,0.522453698,0.349,,733,0.051,0.35152454
,,,386,0.511226183,0.3415,,734,0.051,0.35152454
,,,385,0.500298068,0.3342,,735,0.051,0.35152454
,,,384,0.491765157,0.3285,,736,0.051,0.35152454
,,,383,0.483232245,0.3228,,737,0.05,0.344631902
,,,382,0.473801133,0.3165,,738,0.05,0.344631902
,,,381,0.463621519,0.3097,,739,0.049,0.337739264
,,,380,0.452094604,0.302,,740,0.05,0.344631902
,,,379,0.443262292,0.2961,,741,0.05,0.344631902
,,,378,0.440867089,0.2945,,742,0.049,0.337739264
,,,377,0.433681479,0.2897,,743,0.049,0.337739264
,,,376,0.417064757,0.2786,,744,0.049,0.337739264
,,,375,0.405238441,0.2707,,745,0.049,0.337739264
,,,374,0.395358228,0.2641,,746,0.048,0.330846626
,,,373,0.384729514,0.257,,747,0.048,0.330846626
,,,372,0.377244504,0.252,,748,0.048,0.330846626
,,,371,0.368262492,0.246,,749,0.049,0.337739264
,,,370,0.356585876,0.2382,,750,0.049,0.337739264
,,,369,0.351046969,0.2345,,751,0.048,0.330846626
,,,368,0.345358361,0.2307,,752,0.048,0.330846626
,,,367,0.33712485,0.2252,,753,0.048,0.330846626
,,,366,0.327693738,0.2189,,754,0.048,0.330846626
,,,365,0.320059027,0.2138,,755,0.047,0.323953988
,,,364,0.312574017,0.2088,,756,0.048,0.330846626
,,,363,0.307633911,0.2055,,757,0.047,0.323953988
,,,362,0.296556096,0.1981,,758,0.048,0.330846626
,,,361,0.286376482,0.1913,,759,0.047,0.323953988
,,,360,0.281286676,0.1879,,760,0.047,0.323953988
,,,359,0.274849567,0.1836,,761,0.048,0.330846626
,,,358,0.266616056,0.1781,,762,0.048,0.330846626
,,,357,0.262723851,0.1755,,763,0.047,0.323953988
,,,356,0.257484344,0.172,,764,0.047,0.323953988
,,,355,0.251047235,0.1677,,765,0.047,0.323953988
,,,354,0.246256829,0.1645,,766,0.047,0.323953988
,,,353,0.242214923,0.1618,,767,0.047,0.323953988
,,,352,0.238322718,0.1592,,768,0.046,0.31706135
,,,351,0.235328714,0.1572,,769,0.047,0.323953988
,,,350,0.234729913,0.1568,,770,0.046,0.31706135
,,,349,0.23248441,0.1553,,771,0.047,0.323953988
,,,348,0.229041306,0.153,,772,0.047,0.323953988
,,,347,0.226795803,0.1515,,773,0.047,0.323953988
,,,346,0.225298801,0.1505,,774,0.047,0.323953988
,,,345,0.221256895,0.1478,,775,0.047,0.323953988
,,,344,0.222454497,0.1486,,776,0.047,0.323953988
,,,343,0.225598201,0.1507,,777,0.045,0.310168712
,,,342,0.223951499,0.1496,,778,0.045,0.310168712
,,,341,0.223053298,0.149,,779,0.046,0.31706135
,,,340,0.221556296,0.148,,780,0.046,0.31706135
,,,339,0.220358694,0.1472,,781,0.046,0.31706135
,,,338,0.225149101,0.1504,,782,0.046,0.31706135
,,,337,0.225448501,0.1506,,783,0.045,0.310168712
,,,336,0.2248497,0.1502,,784,0.046,0.31706135
,,,335,0.226496402,0.1513,,785,0.047,0.323953988
,,,334,0.2244006,0.1499,,786,0.046,0.31706135
,,,333,0.229041306,0.153,,787,0.045,0.310168712
,,,332,0.234131113,0.1564,,788,0.045,0.310168712
,,,331,0.236226915,0.1578,,789,0.046,0.31706135
,,,330,0.233682012,0.1561,,790,0.046,0.31706135
,,,329,0.234729913,0.1568,,791,0.046,0.31706135
,,,328,0.244909527,0.1636,,792,0.045,0.310168712
,,,327,0.245658028,0.1641,,793,0.046,0.31706135
,,,326,0.243412525,0.1626,,794,0.046,0.31706135
,,,325,0.24745443,0.1653,,795,0.046,0.31706135
,,,324,0.246406529,0.1646,,796,0.046,0.31706135
,,,323,0.251346636,0.1679,,797,0.046,0.31706135
,,,322,0.26197535,0.175,,798,0.046,0.31706135
,,,321,0.264669953,0.1768,,799,0.045,0.310168712
,,,320,0.261376549,0.1746,,800,0.046,0.31706135
,,,319,0.265268754,0.1772,,801,0.046,0.31706135
,,,318,0.270508261,0.1807,,802,0.046,0.31706135
,,,317,0.272753764,0.1822,,803,0.046,0.31706135
,,,316,0.274550167,0.1834,,804,0.046,0.31706135
,,,315,0.276346569,0.1846,,805,0.046,0.31706135
,,,314,0.277843571,0.1856,,806,0.046,0.31706135
,,,313,0.279041173,0.1864,,807,0.045,0.310168712
,,,312,0.280089074,0.1871,,808,0.046,0.31706135
,,,311,0.280687875,0.1875,,809,0.046,0.31706135
,,,310,0.280987275,0.1877,,810,0.046,0.31706135
,,,309,0.280837575,0.1876,,811,0.046,0.31706135
,,,308,0.280837575,0.1876,,812,0.045,0.310168712
,,,307,0.280687875,0.1875,,813,0.045,0.310168712
,,,306,0.280388474,0.1873,,814,0.045,0.310168712
,,,305,0.280089074,0.1871,,815,0.045,0.310168712
,,,304,0.279490273,0.1867,,816,0.045,0.310168712
,,,303,0.279190873,0.1865,,817,0.045,0.310168712
,,,302,0.278741772,0.1862,,818,0.045,0.310168712
,,,301,0.278592072,0.1861,,819,0.045,0.310168712
,,,300,0.278442372,0.186,,820,0.045,0.310168712
,,,299,0.278592072,0.1861,,821,0.045,0.310168712
,,,298,0.278891472,0.1863,,822,0.045,0.310168712
,,,297,0.279490273,0.1867,,823,0.045,0.310168712
,,,296,0.279939374,0.187,,824,0.045,0.310168712
,,,295,0.280089074,0.1871,,825,0.045,0.310168712
,,,294,0.279639973,0.1868,,826,0.045,0.310168712
,,,293,0.277843571,0.1856,,827,0.046,0.31706135
,,,292,0.273801666,0.1829,,828,0.046,0.31706135
,,,291,0.266765756,0.1782,,829,0.045,0.310168712
,,,290,0.256137042,0.1711,,830,0.045,0.310168712
,,,289,0.242065223,0.1617,,831,0.045,0.310168712
,,,288,0.226496402,0.1513,,832,0.046,0.31706135
,,,287,0.212424584,0.1419,,833,0.045,0.310168712
,,,286,0.202694071,0.1354,,834,0.045,0.310168712
,,,285,0.198652165,0.1327,,835,0.045,0.310168712
,,,284,0.199400666,0.1332,,836,0.045,0.310168712
,,,283,0.202843771,0.1355,,837,0.045,0.310168712
,,,282,0.206286875,0.1378,,838,0.044,0.303276074
,,,281,0.208682079,0.1394,,839,0.046,0.31706135
,,,280,0.210478481,0.1406,,840,0.045,0.310168712
,,,279,0.211975483,0.1416,,841,0.046,0.31706135
,,,278,0.214370686,0.1432,,842,0.046,0.31706135
,,,277,0.217963491,0.1456,,843,0.045,0.310168712
,,,276,0.223502398,0.1493,,844,0.045,0.310168712
,,,275,0.231137109,0.1544,,845,0.046,0.31706135
,,,274,0.23996942,0.1603,,846,0.045,0.310168712
,,,273,0.249699933,0.1668,,847,0.044,0.303276074
,,,272,0.259729847,0.1735,,848,0.046,0.31706135
,,,271,0.26961006,0.1801,,849,0.044,0.303276074
,,,270,0.279789674,0.1869,,850,0.044,0.303276074
,,,269,0.290118987,0.1938,,851,0.043,0.296383436
,,,268,0.300747702,0.2009,,852,0.045,0.310168712
,,,267,0.311376416,0.208,,853,0.046,0.31706135
,,,266,0.32170573,0.2149,,854,0.044,0.303276074
,,,265,0.332184744,0.2219,,855,0.045,0.310168712
,,,264,0.342514057,0.2288,,856,0.044,0.303276074
,,,263,0.352993071,0.2358,,857,0.046,0.31706135
,,,262,0.363621785,0.2429,,858,0.045,0.310168712
,,,261,0.3746996,0.2503,,859,0.045,0.310168712
,,,260,0.386975017,0.2585,,860,0.044,0.303276074
,,,259,0.400747435,0.2677,,861,0.045,0.310168712
,,,258,0.415867155,0.2778,,862,0.046,0.31706135
,,,257,0.433232378,0.2894,,863,0.045,0.310168712
,,,256,0.452693404,0.3024,,864,0.044,0.303276074
,,,255,0.475298135,0.3175,,865,0.044,0.303276074
,,,254,0.50179507,0.3352,,866,0.045,0.310168712
,,,253,0.532633311,0.3558,,867,0.045,0.310168712
,,,252,0.568261959,0.3796,,868,0.045,0.310168712
,,,251,0.608681013,0.4066,,869,0.045,0.310168712
,,,250,0.652393471,0.4358,,870,0.046,0.31706135
,,,,1.1235,0.7505,,871,0.045,0.310168712
,,,,,,,872,0.046,0.31706135
,,,,,,,873,0.045,0.310168712
,,,,,,,874,0.045,0.310168712
,,,,,,,875,0.045,0.310168712
,,,,,,,876,0.044,0.303276074
,,,,,,,877,0.045,0.310168712
,,,,,,,878,0.045,0.310168712
,,,,,,,879,0.045,0.310168712
,,,,,,,880,0.045,0.310168712
,,,,,,,881,0.045,0.310168712
,,,,,,,882,0.045,0.310168712
,,,,,,,883,0.045,0.310168712
,,,,,,,884,0.045,0.310168712
,,,,,,,885,0.045,0.310168712
,,,,,,,886,0.044,0.303276074
,,,,,,,887,0.045,0.310168712
,,,,,,,888,0.046,0.31706135
,,,,,,,889,0.044,0.303276074
,,,,,,,890,0.045,0.310168712
,,,,,,,891,0.045,0.310168712
,,,,,,,892,0.044,0.303276074
,,,,,,,893,0.046,0.31706135
,,,,,,,894,0.045,0.310168712
,,,,,,,895,0.045,0.310168712
,,,,,,,896,0.044,0.303276074
,,,,,,,897,0.046,0.31706135
,,,,,,,898,0.045,0.310168712
,,,,,,,899,0.045,0.310168712
,,,,,,,900,0.046,0.31706135
,,,,,,,901,0.046,0.31706135
,,,,,,,902,0.044,0.303276074
,,,,,,,903,0.045,0.310168712
,,,,,,,904,0.044,0.303276074
,,,,,,,905,0.045,0.310168712
,,,,,,,906,0.045,0.310168712
,,,,,,,907,0.045,0.310168712
,,,,,,,908,0.045,0.310168712
,,,,,,,909,0.045,0.310168712
,,,,,,,910,0.045,0.310168712
,,,,,,,911,0.044,0.303276074
,,,,,,,912,0.045,0.310168712
,,,,,,,913,0.045,0.310168712
,,,,,,,914,0.044,0.303276074
,,,,,,,915,0.044,0.303276074
,,,,,,,916,0.044,0.303276074
,,,,,,,917,0.044,0.303276074
,,,,,,,918,0.045,0.310168712
,,,,,,,919,0.045,0.310168712
,,,,,,,920,0.044,0.303276074
,,,,,,,921,0.044,0.303276074
,,,,,,,922,0.045,0.310168712
,,,,,,,923,0.045,0.310168712
,,,,,,,924,0.046,0.31706135
,,,,,,,925,0.046,0.31706135
,,,,,,,926,0.045,0.310168712
,,,,,,,927,0.045,0.310168712
,,,,,,,928,0.045,0.310168712
,,,,,,,929,0.046,0.31706135
,,,,,,,930,0.045,0.310168712
,,,,,,,931,0.045,0.310168712
,,,,,,,932,0.044,0.303276074
,,,,,,,933,0.045,0.310168712
,,,,,,,934,0.045,0.310168712
,,,,,,,935,0.044,0.303276074
,,,,,,,936,0.046,0.31706135
,,,,,,,937,0.045,0.310168712
,,,,,,,938,0.044,0.303276074
,,,,,,,939,0.045,0.310168712
,,,,,,,940,0.045,0.310168712
,,,,,,,941,0.045,0.310168712
,,,,,,,942,0.044,0.303276074
,,,,,,,943,0.046,0.31706135
,,,,,,,944,0.043,0.296383436
,,,,,,,945,0.045,0.310168712
,,,,,,,946,0.044,0.303276074
,,,,,,,947,0.044,0.303276074
,,,,,,,948,0.044,0.303276074
,,,,,,,949,0.045,0.310168712
,,,,,,,950,0.045,0.310168712
,,,,,,,951,0.045,0.310168712
,,,,,,,952,0.044,0.303276074
,,,,,,,953,0.044,0.303276074
,,,,,,,954,0.044,0.303276074
,,,,,,,955,0.045,0.310168712
,,,,,,,956,0.046,0.31706135
,,,,,,,957,0.044,0.303276074
,,,,,,,958,0.044,0.303276074
,,,,,,,959,0.045,0.310168712
,,,,,,,960,0.044,0.303276074
,,,,,,,961,0.044,0.303276074
,,,,,,,962,0.045,0.310168712
,,,,,,,963,0.045,0.310168712
,,,,,,,964,0.044,0.303276074
,,,,,,,965,0.044,0.303276074
,,,,,,,966,0.043,0.296383436
,,,,,,,967,0.043,0.296383436
,,,,,,,968,0.046,0.31706135
,,,,,,,969,0.044,0.303276074
,,,,,,,970,0.044,0.303276074
,,,,,,,971,0.046,0.31706135
,,,,,,,972,0.044,0.303276074
,,,,,,,973,0.045,0.310168712
,,,,,,,974,0.045,0.310168712
,,,,,,,975,0.044,0.303276074
,,,,,,,976,0.045,0.310168712
,,,,,,,977,0.045,0.310168712
,,,,,,,978,0.045,0.310168712
,,,,,,,979,0.044,0.303276074
,,,,,,,980,0.045,0.310168712
,,,,,,,981,0.044,0.303276074
,,,,,,,982,0.044,0.303276074
,,,,,,,983,0.044,0.303276074
,,,,,,,984,0.046,0.31706135
,,,,,,,985,0.047,0.323953988
,,,,,,,986,0.045,0.310168712
,,,,,,,987,0.043,0.296383436
,,,,,,,988,0.045,0.310168712
,,,,,,,989,0.045,0.310168712
,,,,,,,990,0.045,0.310168712
,,,,,,,991,0.045,0.310168712
,,,,,,,992,0.044,0.303276074
,,,,,,,993,0.045,0.310168712
,,,,,,,994,0.045,0.310168712
,,,,,,,995,0.044,0.303276074
,,,,,,,996,0.046,0.31706135
,,,,,,,997,0.043,0.296383436
,,,,,,,998,0.044,0.303276074
,,,,,,,,0.163,
